Workbook

Sheet Summary
F1: Cut off
G2: 46218
A4: Code | B4: Column1 | C4: Sr No2 | D4: Tour Date | E4: Tour Name | F4: Dept | G4: Cutof
A5: =VLOOKUP(Sum[[#This Row],[Tour Name]],RawData[#All],2,FALSE)&"."&TEXT(Sum[[#This Row],[Tour Date]],"ddmm") -> GY.MINI.0208 | C5: 1 | D5: 46236 | E5: Gaurav Yatra - Mini Europe - Summer 2019 | F5: 1 | G5: =COUNTIFS(MSF[[#All],[Cut_off]],Summary!$G$2,MSF[[#All],[Code]],Sum[[#This Row],[Code]]) -> 0
A6: =VLOOKUP(Sum[[#This Row],[Tour Name]],RawData[#All],2,FALSE)&"."&TEXT(Sum[[#This Row],[Tour Date]],"ddmm") -> NR.SWGL.0308 | C6: =C5+1 -> 2 | D6: 46237 | E6: Swiss Glory - Summer 2019 - NRI ROW | F6: 1 | G6: =COUNTIFS(MSF[[#All],[Cut_off]],Summary!$G$2,MSF[[#All],[Code]],Sum[[#This Row],[Code]]) -> 0
A7: =VLOOKUP(Sum[[#This Row],[Tour Name]],RawData[#All],2,FALSE)&"."&TEXT(Sum[[#This Row],[Tour Date]],"ddmm") -> NR.EUCH.0408 | C7: =C6+1 -> 3 | D7: 46238 | E7: European Charm - Summer 2019 | F7: 1 | G7: =COUNTIFS(MSF[[#All],[Cut_off]],Summary!$G$2,MSF[[#All],[Code]],Sum[[#This Row],[Code]]) -> 0
A8: =VLOOKUP(Sum[[#This Row],[Tour Name]],RawData[#All],2,FALSE)&"."&TEXT(Sum[[#This Row],[Tour Date]],"ddmm") -> GY.MINI.0508 | C8: =C7+1 -> 4 | D8: 46239 | E8: Gaurav Yatra - Mini Europe - Summer 2019 | F8: 1 | G8: =COUNTIFS(MSF[[#All],[Cut_off]],Summary!$G$2,MSF[[#All],[Code]],Sum[[#This Row],[Code]]) -> 0
A9: =VLOOKUP(Sum[[#This Row],[Tour Name]],RawData[#All],2,FALSE)&"."&TEXT(Sum[[#This Row],[Tour Date]],"ddmm") -> NR.EUCH.0608 | C9: =C8+1 -> 5 | D9: 46240 | E9: European Charm - Summer 2019 | F9: 1 | G9: =COUNTIFS(MSF[[#All],[Cut_off]],Summary!$G$2,MSF[[#All],[Code]],Sum[[#This Row],[Code]]) -> 0
A10: =VLOOKUP(Sum[[#This Row],[Tour Name]],RawData[#All],2,FALSE)&"."&TEXT(Sum[[#This Row],[Tour Date]],"ddmm") -> GY.MGKE.0708 | C10: =C9+1 -> 6 | D10: 46241 | E10: Gaurav Yatra - Magical Europe - Summer 2019 | F10: 1 | G10: =COUNTIFS(MSF[[#All],[Cut_off]],Summary!$G$2,MSF[[#All],[Code]],Sum[[#This Row],[Code]]) -> 0
A11: =VLOOKUP(Sum[[#This Row],[Tour Name]],RawData[#All],2,FALSE)&"."&TEXT(Sum[[#This Row],[Tour Date]],"ddmm") -> NR.TAEU.0808 | C11: =C10+1 -> 7 | D11: 46242 | E11: Taste of Europe - Summer 2019 | F11: 1 | G11: =COUNTIFS(MSF[[#All],[Cut_off]],Summary!$G$2,MSF[[#All],[Code]],Sum[[#This Row],[Code]]) -> 0
A12: =VLOOKUP(Sum[[#This Row],[Tour Name]],RawData[#All],2,FALSE)&"."&TEXT(Sum[[#This Row],[Tour Date]],"ddmm") -> NR.SWGL.0908 | C12: =C11+1 -> 8 | D12: 46243 | E12: Swiss Glory - Summer 2019 - NRI ROW | F12: 1 | G12: =COUNTIFS(MSF[[#All],[Cut_off]],Summary!$G$2,MSF[[#All],[Code]],Sum[[#This Row],[Code]]) -> 0
A13: =VLOOKUP(Sum[[#This Row],[Tour Name]],RawData[#All],2,FALSE)&"."&TEXT(Sum[[#This Row],[Tour Date]],"ddmm") -> DD.WHRL.1008 | C13: =C12+1 -> 9 | D13: 46244 | E13: European Whirl - Summer 2019 | F13: 1 | G13: =COUNTIFS(MSF[[#All],[Cut_off]],Summary!$G$2,MSF[[#All],[Code]],Sum[[#This Row],[Code]]) -> 0
A14: =VLOOKUP(Sum[[#This Row],[Tour Name]],RawData[#All],2,FALSE)&"."&TEXT(Sum[[#This Row],[Tour Date]],"ddmm") -> GY.MINI.1108 | C14: =C13+1 -> 10 | D14: 46245 | E14: Gaurav Yatra - Mini Europe - Summer 2019 | F14: 1 | G14: =COUNTIFS(MSF[[#All],[Cut_off]],Summary!$G$2,MSF[[#All],[Code]],Sum[[#This Row],[Code]]) -> 0
A15: =VLOOKUP(Sum[[#This Row],[Tour Name]],RawData[#All],2,FALSE)&"."&TEXT(Sum[[#This Row],[Tour Date]],"ddmm") -> NR.EUCH.1208 | C15: =C14+1 -> 11 | D15: 46246 | E15: European Charm - Summer 2019 | F15: 1 | G15: =COUNTIFS(MSF[[#All],[Cut_off]],Summary!$G$2,MSF[[#All],[Code]],Sum[[#This Row],[Code]]) -> 0
A16: =VLOOKUP(Sum[[#This Row],[Tour Name]],RawData[#All],2,FALSE)&"."&TEXT(Sum[[#This Row],[Tour Date]],"ddmm") -> DD.FSME.1308 | C16: =C15+1 -> 12 | D16: 46247 | E16: French Swiss Medley - Summer 2019 | F16: 1 | G16: =COUNTIFS(MSF[[#All],[Cut_off]],Summary!$G$2,MSF[[#All],[Code]],Sum[[#This Row],[Code]]) -> 0
A17: =VLOOKUP(Sum[[#This Row],[Tour Name]],RawData[#All],2,FALSE)&"."&TEXT(Sum[[#This Row],[Tour Date]],"ddmm") -> DD.MRVL.1408 | C17: =C16+1 -> 13 | D17: 46248 | E17: Marvels Of Europe - Summer 2019 | F17: 1 | G17: =COUNTIFS(MSF[[#All],[Cut_off]],Summary!$G$2,MSF[[#All],[Code]],Sum[[#This Row],[Code]]) -> 1

Sheet MSF
A1: Code | B1: Cut_off | C1: Sr.No. | D1: Region | E1: City(Area) | F1: Tour Date | G1: Tour Name | H1: Dept | I1: Status-1 | J1: Supplier | K1: Hotel-1 | L1: Options | M1: SGL | N1: DBL | O1: TPL | P1: TOTAL | Q1: Operating | R1: CtOF
A2: =VLOOKUP(G2,'RawData'!$A$2:$B$17,2,FALSE)&"."&TEXT(F2,"DDMM") -> GY.MINI.0208 | B2: =F2-30 -> 46206 | F2: 46236 | G2: Gaurav Yatra - Mini Europe - Summer 2019 | H2: 1 | I2: PNDG | J2: MSF | K2: Ibis Styles Parc des Expositions de Villepinte Hotel | R2: TRUE
A3: =VLOOKUP(G3,'RawData'!$A$2:$B$17,2,FALSE)&"."&TEXT(F3,"DDMM") -> NR.SWGL.0308 | B3: =F3-30 -> 46207 | F3: 46237 | G3: Swiss Glory - Summer 2019 - NRI ROW | H3: 1 | I3: PNDG | J3: MSF | K3: Ibis Styles Parc des Expositions de Villepinte Hotel | Q3: OK | R3: TRUE
A4: =VLOOKUP(G4,'RawData'!$A$2:$B$17,2,FALSE)&"."&TEXT(F4,"DDMM") -> NR.EUCH.0408 | B4: =F4-30 -> 46208 | F4: 46238 | G4: European Charm - Summer 2019 | H4: 1 | I4: PNDG | J4: MSF | K4: Mercure Le Bourget Hotel 4* | R4: TRUE
A5: =VLOOKUP(G5,'RawData'!$A$2:$B$17,2,FALSE)&"."&TEXT(F5,"DDMM") -> GY.MINI.0508 | B5: =F5-30 -> 46209 | F5: 46239 | G5: Gaurav Yatra - Mini Europe - Summer 2019 | H5: 1 | I5: PNDG | J5: MSF | K5: Ibis Epinay Sur Seine Hotel | R5: TRUE
A6: =VLOOKUP(G6,'RawData'!$A$2:$B$17,2,FALSE)&"."&TEXT(F6,"DDMM") -> NR.EUCH.0608 | B6: =F6-30 -> 46210 | F6: 46240 | G6: European Charm - Summer 2019 | H6: 1 | I6: PNDG | J6: MSF | K6: Mercure Le Bourget Hotel 4* | R6: FALSE
A7: =VLOOKUP(G7,'RawData'!$A$2:$B$17,2,FALSE)&"."&TEXT(F7,"DDMM") -> GY.MGKE.0708 | B7: =F7-30 -> 46211 | F7: 46241 | G7: Gaurav Yatra - Magical Europe - Summer 2019 | H7: 1 | I7: PNDG | J7: MSF | K7: Ibis Epinay Sur Seine Hotel | R7: TRUE
A8: =VLOOKUP(G8,'RawData'!$A$2:$B$17,2,FALSE)&"."&TEXT(F8,"DDMM") -> NR.TAEU.0808 | B8: =F8-30 -> 46212 | F8: 46242 | G8: Taste of Europe - Summer 2019 | H8: 1 | I8: PNDG | J8: MSF | K8: Mercure Le Bourget Hotel 4* | R8: FALSE
A9: =VLOOKUP(G9,'RawData'!$A$2:$B$17,2,FALSE)&"."&TEXT(F9,"DDMM") -> NR.SWGL.0908 | B9: =F9-30 -> 46213 | F9: 46243 | G9: Swiss Glory - Summer 2019 - NRI ROW | H9: 1 | I9: PNDG | J9: MSF | K9: Millennium Charles De Gaulle 4* | Q9: OK | R9: TRUE
A10: =VLOOKUP(G10,'RawData'!$A$2:$B$17,2,FALSE)&"."&TEXT(F10,"DDMM") -> DD.WHRL.1008 | B10: =F10-30 -> 46214 | F10: 46244 | G10: European Whirl - Summer 2019 | H10: 1 | I10: PNDG | J10: MSF | K10: Mercure Le Bourget Hotel 4* | Q10: OK | R10: TRUE
A11: =VLOOKUP(G11,'RawData'!$A$2:$B$17,2,FALSE)&"."&TEXT(F11,"DDMM") -> GY.MINI.1108 | B11: =F11-30 -> 46215 | F11: 46245 | G11: Gaurav Yatra - Mini Europe - Summer 2019 | H11: 1 | I11: PNDG | J11: MSF | K11: Ibis Styles Parc des Expositions de Villepinte Hotel | R11: TRUE
A12: =VLOOKUP(G12,'RawData'!$A$2:$B$17,2,FALSE)&"."&TEXT(F12,"DDMM") -> NR.EUCH.1208 | B12: =F12-30 -> 46216 | F12: 46246 | G12: European Charm - Summer 2019 | H12: 1 | I12: PNDG | J12: MSF | K12: Mercure Le Bourget Hotel 4* | R12: TRUE
A13: =VLOOKUP(G13,'RawData'!$A$2:$B$17,2,FALSE)&"."&TEXT(F13,"DDMM") -> DD.FSME.1308 | B13: =F13-30 -> 46217 | F13: 46247 | G13: French Swiss Medley - Summer 2019 | H13: 1 | I13: PNDG | J13: MSF | K13: Mercure Le Bourget Hotel 4* | R13: FALSE
A14: =VLOOKUP(G14,'RawData'!$A$2:$B$17,2,FALSE)&"."&TEXT(F14,"DDMM") -> DD.MRVL.1408 | B14: =F14-30 -> 46218 | F14: 46248 | G14: Marvels Of Europe - Summer 2019 | H14: 1 | I14: PNDG | J14: MSF | K14: Mercure Val de Fontenay 4* | Q14: OK | R14: TRUE

Sheet Louvre
A1: Code | B1: Cut_off | C1: Sr.No. | D1: Region | E1: City(Area) | F1: Tour Date | G1: Tour Name | H1: Dept | I1: Status-1 | J1: Supplier | K1: Hotel-1 | L1: Options | M1: SGL | N1: DBL | O1: TPL | P1: TOTAL | Q1: Operating | R1: CtOF | S1: Operating2 | T1: CtOF3
A2: =VLOOKUP(Louvre[[#This Row],[Tour Name]],RawData[#All],2,FALSE)&"."&TEXT(Louvre[[#This Row],[Tour Date]],"ddmm") -> GY.MINI.0208 | B2: =F2-40 -> 46196 | F2: 46236 | G2: Gaurav Yatra - Mini Europe - Summer 2019 | H2: 1 | I2: PNDG | J2: Louvre | K2: Campanile Roissy | M2: Sgl BB 50€, Twn BB 52€ , Tpl BB 74€, City Tax 1.90 € | N2: 3 triple room maximum | T2: TRUE
A3: =VLOOKUP(Louvre[[#This Row],[Tour Name]],RawData[#All],2,FALSE)&"."&TEXT(Louvre[[#This Row],[Tour Date]],"ddmm") -> NR.SWGL.0308 | B3: =F3-40 -> 46197 | F3: 46237 | G3: Swiss Glory - Summer 2019 - NRI ROW | H3: 1 | I3: PNDG | J3: Louvre | K3: Campanile Roissy | T3: FALSE
A4: =VLOOKUP(Louvre[[#This Row],[Tour Name]],RawData[#All],2,FALSE)&"."&TEXT(Louvre[[#This Row],[Tour Date]],"ddmm") -> NR.EUCH.0408 | B4: =F4-40 -> 46198 | F4: 46238 | G4: European Charm - Summer 2019 | H4: 1 | I4: PNDG | J4: Louvre | K4: Campanile Roissy | T4: TRUE
A5: =VLOOKUP(Louvre[[#This Row],[Tour Name]],RawData[#All],2,FALSE)&"."&TEXT(Louvre[[#This Row],[Tour Date]],"ddmm") -> GY.MINI.0508 | B5: =F5-40 -> 46199 | F5: 46239 | G5: Gaurav Yatra - Mini Europe - Summer 2019 | H5: 1 | I5: PNDG | J5: Louvre | K5: Campanile Roissy | M5: Sgl BB 52€, Twn BB 54€ , No Tpl , City Tax 1.90 € | N5: 79043437 | T5: TRUE
A6: =VLOOKUP(Louvre[[#This Row],[Tour Name]],RawData[#All],2,FALSE)&"."&TEXT(Louvre[[#This Row],[Tour Date]],"ddmm") -> NR.EUCH.0608 | B6: =F6-40 -> 46200 | F6: 46240 | G6: European Charm - Summer 2019 | H6: 1 | I6: PNDG | J6: Louvre | K6: Campanile Roissy | T6: FALSE
A7: =VLOOKUP(Louvre[[#This Row],[Tour Name]],RawData[#All],2,FALSE)&"."&TEXT(Louvre[[#This Row],[Tour Date]],"ddmm") -> GY.MGKE.0708 | B7: =F7-40 -> 46201 | F7: 46241 | G7: Gaurav Yatra - Magical Europe - Summer 2019 | H7: 1 | I7: PNDG | J7: Louvre | K7: Campanile Roissy | M7: Sgl BB 55€, Twn BB 57€ , No Tpl , City Tax 1.90 € | N7: 79043461 | T7: TRUE
A8: =VLOOKUP(Louvre[[#This Row],[Tour Name]],RawData[#All],2,FALSE)&"."&TEXT(Louvre[[#This Row],[Tour Date]],"ddmm") -> NR.TAEU.0808 | B8: =F8-40 -> 46202 | F8: 46242 | G8: Taste of Europe - Summer 2019 | H8: 1 | I8: PNDG | J8: Louvre | K8: Campanile Roissy | M8: Sgl BB 51€, Twn BB 55€ , Tpl BB 79€, City Tax 1.65 € | N8: 79031584 | S8: OK | T8: TRUE
A9: =VLOOKUP(Louvre[[#This Row],[Tour Name]],RawData[#All],2,FALSE)&"."&TEXT(Louvre[[#This Row],[Tour Date]],"ddmm") -> NR.SWGL.0908 | B9: =F9-40 -> 46203 | F9: 46243 | G9: Swiss Glory - Summer 2019 - NRI ROW | H9: 1 | I9: PNDG | J9: Louvre | K9: Campanile Roissy | T9: TRUE
A10: =VLOOKUP(Louvre[[#This Row],[Tour Name]],RawData[#All],2,FALSE)&"."&TEXT(Louvre[[#This Row],[Tour Date]],"ddmm") -> DD.WHRL.1008 | B10: =F10-40 -> 46204 | F10: 46244 | G10: European Whirl - Summer 2019 | H10: 1 | I10: PNDG | J10: Louvre | K10: Campanile Roissy | T10: FALSE
A11: =VLOOKUP(Louvre[[#This Row],[Tour Name]],RawData[#All],2,FALSE)&"."&TEXT(Louvre[[#This Row],[Tour Date]],"ddmm") -> GY.MINI.1108 | B11: =F11-40 -> 46205 | F11: 46245 | G11: Gaurav Yatra - Mini Europe - Summer 2019 | H11: 1 | I11: PNDG | J11: Louvre | K11: Campanile Roissy | M11: Sgl BB 49€, Twn BB 51€ , Tpl BB 63€, City Tax 1.65 € | N11: 79030520 | S11: OK | T11: TRUE
A12: =VLOOKUP(Louvre[[#This Row],[Tour Name]],RawData[#All],2,FALSE)&"."&TEXT(Louvre[[#This Row],[Tour Date]],"ddmm") -> NR.EUCH.1208 | B12: =F12-40 -> 46206 | F12: 46246 | G12: European Charm - Summer 2019 | H12: 1 | I12: PNDG | J12: Louvre | K12: Campanile Roissy | M12: Sgl BB 46€, Twn BB 48€ , Tpl BB NA, City Tax 1.65 € | N12: 79043231 | T12: TRUE
A13: =VLOOKUP(Louvre[[#This Row],[Tour Name]],RawData[#All],2,FALSE)&"."&TEXT(Louvre[[#This Row],[Tour Date]],"ddmm") -> DD.FSME.1308 | B13: =F13-40 -> 46207 | F13: 46247 | G13: French Swiss Medley - Summer 2019 | H13: 1 | I13: PNDG | J13: Louvre | K13: Campanile Roissy | T13: FALSE
A14: =VLOOKUP(Louvre[[#This Row],[Tour Name]],RawData[#All],2,FALSE)&"."&TEXT(Louvre[[#This Row],[Tour Date]],"ddmm") -> DD.MRVL.1408 | B14: =F14-40 -> 46208 | F14: 46248 | G14: Marvels Of Europe - Summer 2019 | H14: 1 | I14: PNDG | J14: Louvre | K14: Campanile Roissy | T14: TRUE

Sheet Accor
A1: Code | B1: Cut_off | C1: Sr.No. | D1: Region | E1: City(Area) | F1: Tour Date | G1: Tour Name | H1: Dept | I1: Status-1 | J1: Supplier | K1: Hotel-1 | L1: Options | M1: SGL | N1: DBL | O1: TPL | P1: TOTAL | Q1: Operating | R1: CtOF | S1: Operating2 | T1: CtOF3
A2: =VLOOKUP(Accor[[#This Row],[Tour Name]],RawData[#All],2,FALSE)&"."&TEXT(Accor[[#This Row],[Tour Date]],"ddmm") -> GY.MINI.0208 | B2: =F2-30 -> 46206 | F2: 46236 | G2: Gaurav Yatra - Mini Europe - Summer 2019 | H2: 1 | I2: PNDG | J2: Accor | K2: Novotel Paris Est | M2: 45 € 1/2 twin BB, Suppl single = ½ twin – 2 €, Sup triple = ½ twin – 5 €, 1.80€ pp extra for city tax | T2: TRUE
A3: =VLOOKUP(Accor[[#This Row],[Tour Name]],RawData[#All],2,FALSE)&"."&TEXT(Accor[[#This Row],[Tour Date]],"ddmm") -> NR.SWGL.0308 | B3: =F3-30 -> 46207 | F3: 46237 | G3: Swiss Glory - Summer 2019 - NRI ROW | H3: 1 | I3: PNDG | J3: Accor | K3: ABC HOTEL | T3: FALSE
A4: =VLOOKUP(Accor[[#This Row],[Tour Name]],RawData[#All],2,FALSE)&"."&TEXT(Accor[[#This Row],[Tour Date]],"ddmm") -> NR.EUCH.0408 | B4: =F4-30 -> 46208 | F4: 46238 | G4: European Charm - Summer 2019 | H4: 1 | I4: PNDG | J4: Accor | K4: Novotel Paris Est | M4: 45 € 1/2 twin BB, Suppl single = ½ twin – 2 €, Sup triple = ½ twin – 5 €, 1.80€ pp extra for city tax | T4: TRUE
A5: =VLOOKUP(Accor[[#This Row],[Tour Name]],RawData[#All],2,FALSE)&"."&TEXT(Accor[[#This Row],[Tour Date]],"ddmm") -> GY.MINI.0508 | B5: =F5-30 -> 46209 | F5: 46239 | G5: Gaurav Yatra - Mini Europe - Summer 2019 | H5: 1 | I5: PNDG | J5: Accor | K5: ABC HOTEL | T5: TRUE
A6: =VLOOKUP(Accor[[#This Row],[Tour Name]],RawData[#All],2,FALSE)&"."&TEXT(Accor[[#This Row],[Tour Date]],"ddmm") -> NR.EUCH.0608 | B6: =F6-30 -> 46210 | F6: 46240 | G6: European Charm - Summer 2019 | H6: 1 | I6: PNDG | J6: Accor | K6: Novotel Paris Est | M6: 42 € 1/2 twin BB, Suppl single = ½ twin – 2 €, Sup triple = ½ twin – 5 €, 1.80€ pp extra for city tax | T6: FALSE
A7: =VLOOKUP(Accor[[#This Row],[Tour Name]],RawData[#All],2,FALSE)&"."&TEXT(Accor[[#This Row],[Tour Date]],"ddmm") -> GY.MGKE.0708 | B7: =F7-30 -> 46211 | F7: 46241 | G7: Gaurav Yatra - Magical Europe - Summer 2019 | H7: 1 | I7: PNDG | J7: Accor | K7: ABC HOTEL | T7: TRUE
A8: =VLOOKUP(Accor[[#This Row],[Tour Name]],RawData[#All],2,FALSE)&"."&TEXT(Accor[[#This Row],[Tour Date]],"ddmm") -> NR.TAEU.0808 | B8: =F8-30 -> 46212 | F8: 46242 | G8: Taste of Europe - Summer 2019 | H8: 1 | I8: PNDG | J8: Accor | K8: Novotel Paris Est | M8: 42 € 1/2 twin BB, Suppl single = ½ twin – 2 €, Sup triple = ½ twin – 5 €, 1.80€ pp extra for city tax | T8: FALSE
A9: =VLOOKUP(Accor[[#This Row],[Tour Name]],RawData[#All],2,FALSE)&"."&TEXT(Accor[[#This Row],[Tour Date]],"ddmm") -> NR.SWGL.0908 | B9: =F9-30 -> 46213 | F9: 46243 | G9: Swiss Glory - Summer 2019 - NRI ROW | H9: 1 | I9: PNDG | J9: Accor | K9: ABC HOTEL | T9: TRUE
A10: =VLOOKUP(Accor[[#This Row],[Tour Name]],RawData[#All],2,FALSE)&"."&TEXT(Accor[[#This Row],[Tour Date]],"ddmm") -> DD.WHRL.1008 | B10: =F10-30 -> 46214 | F10: 46244 | G10: European Whirl - Summer 2019 | H10: 1 | I10: PNDG | J10: Accor | K10: Novotel Paris Est | M10: 45 € 1/2 twin BB, Suppl single = ½ twin – 2 €, Sup triple = ½ twin – 5 €, 1.80€ pp extra for city tax | T10: FALSE
A11: =VLOOKUP(Accor[[#This Row],[Tour Name]],RawData[#All],2,FALSE)&"."&TEXT(Accor[[#This Row],[Tour Date]],"ddmm") -> GY.MINI.1108 | B11: =F11-30 -> 46215 | F11: 46245 | G11: Gaurav Yatra - Mini Europe - Summer 2019 | H11: 1 | I11: PNDG | J11: Accor | K11: Novotel Paris Est | M11: 47 € 1/2 twin BB, Suppl single = ½ twin – 2 €, Sup triple = ½ twin – 5 €, 1.80€ pp extra for city tax | T11: TRUE
A12: =VLOOKUP(Accor[[#This Row],[Tour Name]],RawData[#All],2,FALSE)&"."&TEXT(Accor[[#This Row],[Tour Date]],"ddmm") -> NR.EUCH.1208 | B12: =F12-30 -> 46216 | F12: 46246 | G12: European Charm - Summer 2019 | H12: 1 | I12: PNDG | J12: Accor | K12: Novotel Paris Est | T12: TRUE
A13: =VLOOKUP(Accor[[#This Row],[Tour Name]],RawData[#All],2,FALSE)&"."&TEXT(Accor[[#This Row],[Tour Date]],"ddmm") -> DD.FSME.1308 | B13: =F13-30 -> 46217 | F13: 46247 | G13: French Swiss Medley - Summer 2019 | H13: 1 | I13: PNDG | J13: Accor | K13: Novotel Paris Est | T13: FALSE
A14: =VLOOKUP(Accor[[#This Row],[Tour Name]],RawData[#All],2,FALSE)&"."&TEXT(Accor[[#This Row],[Tour Date]],"ddmm") -> DD.MRVL.1408 | B14: =F14-30 -> 46218 | F14: 46248 | G14: Marvels Of Europe - Summer 2019 | H14: 1 | I14: PNDG | J14: Accor | K14: Novotel Paris Est | T14: TRUE

Sheet RawData
A1: Column1 | B1: Column2
A2: Package Name | B2: PKG_CODE
A3: Best Of Schengen - Summer 2019 | B3: DD.BSCH
A4: Best of Europe - Summer 2019 | B4: DD.BSEU
A5: Fascinating Europe - Summer 2019 | B5: DD.FAST
A6: French Swiss Medley with London - Summer 2019 | B6: DD.FS&L
A7: French Swiss Medley - Summer 2019 | B7: DD.FSME
A8: European Glimpse - Summer 2019 | B8: DD.GLMS
A9: Marvels Of Europe - Summer 2019 | B9: DD.MRVL
A10: European Splendour - Summer 2019 | B10: DD.SPLD
A11: European Whirl - Summer 2019 | B11: DD.WHRL
A12: Gaurav Yatra - European Bonanza - Summer 2019 | B12: GY.EBNZ
... A17: Taste of Europe - Summer 2019 | B17: NR.TAEU
