Workbook

Sheet Package WiseSale
A3: Row Labels | B3: Sum of Sale | F3: PKG Name | G3: Total Sale
A4: European Charm - Summer 2019 | B4: 1602 | F4: European Charm - Summer 2019 | G4: =SUMIF(RawData[[#All],[Tour Name]],'Package WiseSale'!F4,RawData[[#All],[Sale]]) -> 1976
A5: European Whirl - Summer 2019 | B5: 533 | F5: European Whirl - Summer 2019 | G5: =SUMIF(RawData[[#All],[Tour Name]],'Package WiseSale'!F5,RawData[[#All],[Sale]]) -> 586
A6: French Swiss Medley - Summer 2019 | B6: 574 | F6: French Swiss Medley - Summer 2019 | G6: =SUMIF(RawData[[#All],[Tour Name]],'Package WiseSale'!F6,RawData[[#All],[Sale]]) -> 574
A7: Gaurav Yatra - Magical Europe - Summer 2019 | B7: 547 | F7: Gaurav Yatra - Magical Europe - Summer 2019 | G7: =SUMIF(RawData[[#All],[Tour Name]],'Package WiseSale'!F7,RawData[[#All],[Sale]]) -> 547
A8: Gaurav Yatra - Mini Europe - Summer 2019 | B8: 1570 | F8: Gaurav Yatra - Mini Europe - Summer 2019 | G8: =SUMIF(RawData[[#All],[Tour Name]],'Package WiseSale'!F8,RawData[[#All],[Sale]]) -> 2203
A9: Marvels Of Europe - Summer 2019 | B9: 546 | F9: Marvels Of Europe - Summer 2019 | G9: =SUMIF(RawData[[#All],[Tour Name]],'Package WiseSale'!F9,RawData[[#All],[Sale]]) -> 546
A10: Swiss Glory - Summer 2019 - NRI ROW | B10: 1086 | F10: Swiss Glory - Summer 2019 - NRI ROW | G10: =SUMIF(RawData[[#All],[Tour Name]],'Package WiseSale'!F10,RawData[[#All],[Sale]]) -> 1389
A11: Taste of Europe - Summer 2019 | B11: 558 | F11: Taste of Europe - Summer 2019 | G11: =SUMIF(RawData[[#All],[Tour Name]],'Package WiseSale'!F11,RawData[[#All],[Sale]]) -> 558
A12: Grand Total | B12: 7016 | F12: Grand Total

Sheet Sheet3
A3: Count of Customer | C3: Customer
A4: Tour Name | B4: Tour Date | C4: Adult | D4: Child | E4: Infant | F4: Grand Total
A5: European Charm - Summer 2019 | B5: 46238 | C5: 2 | D5: 1 | E5: 1 | F5: 4
A6: European Charm - Summer 2019 | B6: 46240 | C6: 1 | D6: 1 | E6: 1 | F6: 3
A7: European Charm - Summer 2019 | B7: 46246 | C7: 1 | D7: 1 | E7: 2 | F7: 4
A8: European Whirl - Summer 2019 | B8: 46244 | C8: 1 | D8: 1 | E8: 2 | F8: 4
A9: French Swiss Medley - Summer 2019 | B9: 46247 | C9: 1 | D9: 1 | E9: 1 | F9: 3
A10: Gaurav Yatra - Magical Europe - Summer 2019 | B10: 46241 | C10: 1 | D10: 1 | E10: 1 | F10: 3
A11: Gaurav Yatra - Mini Europe - Summer 2019 | B11: 46236 | C11: 2 | D11: 1 | E11: 1 | F11: 4
A12: Gaurav Yatra - Mini Europe - Summer 2019 | B12: 46239 | C12: 2 | D12: 1 | E12: 1 | F12: 4
A13: Gaurav Yatra - Mini Europe - Summer 2019 | B13: 46245 | C13: 1 | D13: 1 | E13: 2 | F13: 4
A14: Marvels Of Europe - Summer 2019 | B14: 46248 | C14: 1 | D14: 1 | E14: 1 | F14: 3
A15: Swiss Glory - Summer 2019 - NRI ROW | B15: 46237 | C15: 2 | D15: 1 | E15: 1 | F15: 4
A16: Swiss Glory - Summer 2019 - NRI ROW | B16: 46243 | C16: 1 | D16: 1 | E16: 1 | F16: 3
A17: Taste of Europe - Summer 2019 | B17: 46242 | C17: 1 | D17: 1 | E17: 1 | F17: 3
A18: Grand Total | C18: 17 | D18: 13 | E18: 16 | F18: 46
A22: Tour Name | B22: Tour Date | C22: Adult | D22: Child | E22: Infant | F22: Grand Total
A23: European Charm - Summer 2019 | B23: 46238 | C23: =COUNTIFS(RawData[[#All],[Tour Name]],Sheet3!$A23,RawData[[#All],[Tour Date]],Sheet3!$B23,RawData[[#All],[Customer]],Sheet3!$C$22) -> 2 | D23: =COUNTIFS(RawData[[#All],[Tour Name]],Sheet3!$A23,RawData[[#All],[Tour Date]],Sheet3!$B23,RawData[[#All],[Customer]],Sheet3!$D$22) -> 1 | E23: =COUNTIFS(RawData[[#All],[Tour Name]],Sheet3!$A23,RawData[[#All],[Tour Date]],Sheet3!$B23,RawData[[#All],[Customer]],Sheet3!$E$22) -> 1
A24: European Charm - Summer 2019 | B24: 46240 | C24: =COUNTIFS(RawData[[#All],[Tour Name]],Sheet3!$A24,RawData[[#All],[Tour Date]],Sheet3!$B24,RawData[[#All],[Customer]],Sheet3!$C$22) -> 1 | D24: =COUNTIFS(RawData[[#All],[Tour Name]],Sheet3!$A24,RawData[[#All],[Tour Date]],Sheet3!$B24,RawData[[#All],[Customer]],Sheet3!$D$22) -> 1 | E24: =COUNTIFS(RawData[[#All],[Tour Name]],Sheet3!$A24,RawData[[#All],[Tour Date]],Sheet3!$B24,RawData[[#All],[Customer]],Sheet3!$E$22) -> 1
A25: European Charm - Summer 2019 | B25: 46246 | C25: =COUNTIFS(RawData[[#All],[Tour Name]],Sheet3!$A25,RawData[[#All],[Tour Date]],Sheet3!$B25,RawData[[#All],[Customer]],Sheet3!$C$22) -> 1 | D25: =COUNTIFS(RawData[[#All],[Tour Name]],Sheet3!$A25,RawData[[#All],[Tour Date]],Sheet3!$B25,RawData[[#All],[Customer]],Sheet3!$D$22) -> 1 | E25: =COUNTIFS(RawData[[#All],[Tour Name]],Sheet3!$A25,RawData[[#All],[Tour Date]],Sheet3!$B25,RawData[[#All],[Customer]],Sheet3!$E$22) -> 2
A26: European Whirl - Summer 2019 | B26: 46244 | C26: =COUNTIFS(RawData[[#All],[Tour Name]],Sheet3!$A26,RawData[[#All],[Tour Date]],Sheet3!$B26,RawData[[#All],[Customer]],Sheet3!$C$22) -> 1 | D26: =COUNTIFS(RawData[[#All],[Tour Name]],Sheet3!$A26,RawData[[#All],[Tour Date]],Sheet3!$B26,RawData[[#All],[Customer]],Sheet3!$D$22) -> 1 | E26: =COUNTIFS(RawData[[#All],[Tour Name]],Sheet3!$A26,RawData[[#All],[Tour Date]],Sheet3!$B26,RawData[[#All],[Customer]],Sheet3!$E$22) -> 2
A27: French Swiss Medley - Summer 2019 | B27: 46247 | C27: =COUNTIFS(RawData[[#All],[Tour Name]],Sheet3!$A27,RawData[[#All],[Tour Date]],Sheet3!$B27,RawData[[#All],[Customer]],Sheet3!$C$22) -> 1 | D27: =COUNTIFS(RawData[[#All],[Tour Name]],Sheet3!$A27,RawData[[#All],[Tour Date]],Sheet3!$B27,RawData[[#All],[Customer]],Sheet3!$D$22) -> 1 | E27: =COUNTIFS(RawData[[#All],[Tour Name]],Sheet3!$A27,RawData[[#All],[Tour Date]],Sheet3!$B27,RawData[[#All],[Customer]],Sheet3!$E$22) -> 1
A28: Gaurav Yatra - Magical Europe - Summer 2019 | B28: 46241 | C28: =COUNTIFS(RawData[[#All],[Tour Name]],Sheet3!$A28,RawData[[#All],[Tour Date]],Sheet3!$B28,RawData[[#All],[Customer]],Sheet3!$C$22) -> 1 | D28: =COUNTIFS(RawData[[#All],[Tour Name]],Sheet3!$A28,RawData[[#All],[Tour Date]],Sheet3!$B28,RawData[[#All],[Customer]],Sheet3!$D$22) -> 1 | E28: =COUNTIFS(RawData[[#All],[Tour Name]],Sheet3!$A28,RawData[[#All],[Tour Date]],Sheet3!$B28,RawData[[#All],[Customer]],Sheet3!$E$22) -> 1
A29: Gaurav Yatra - Mini Europe - Summer 2019 | B29: 46236 | C29: =COUNTIFS(RawData[[#All],[Tour Name]],Sheet3!$A29,RawData[[#All],[Tour Date]],Sheet3!$B29,RawData[[#All],[Customer]],Sheet3!$C$22) -> 2 | D29: =COUNTIFS(RawData[[#All],[Tour Name]],Sheet3!$A29,RawData[[#All],[Tour Date]],Sheet3!$B29,RawData[[#All],[Customer]],Sheet3!$D$22) -> 1 | E29: =COUNTIFS(RawData[[#All],[Tour Name]],Sheet3!$A29,RawData[[#All],[Tour Date]],Sheet3!$B29,RawData[[#All],[Customer]],Sheet3!$E$22) -> 1
A30: Gaurav Yatra - Mini Europe - Summer 2019 | B30: 46239 | C30: =COUNTIFS(RawData[[#All],[Tour Name]],Sheet3!$A30,RawData[[#All],[Tour Date]],Sheet3!$B30,RawData[[#All],[Customer]],Sheet3!$C$22) -> 2 | D30: =COUNTIFS(RawData[[#All],[Tour Name]],Sheet3!$A30,RawData[[#All],[Tour Date]],Sheet3!$B30,RawData[[#All],[Customer]],Sheet3!$D$22) -> 1 | E30: =COUNTIFS(RawData[[#All],[Tour Name]],Sheet3!$A30,RawData[[#All],[Tour Date]],Sheet3!$B30,RawData[[#All],[Customer]],Sheet3!$E$22) -> 1
A31: Gaurav Yatra - Mini Europe - Summer 2019 | B31: 46245 | C31: =COUNTIFS(RawData[[#All],[Tour Name]],Sheet3!$A31,RawData[[#All],[Tour Date]],Sheet3!$B31,RawData[[#All],[Customer]],Sheet3!$C$22) -> 1 | D31: =COUNTIFS(RawData[[#All],[Tour Name]],Sheet3!$A31,RawData[[#All],[Tour Date]],Sheet3!$B31,RawData[[#All],[Customer]],Sheet3!$D$22) -> 1 | E31: =COUNTIFS(RawData[[#All],[Tour Name]],Sheet3!$A31,RawData[[#All],[Tour Date]],Sheet3!$B31,RawData[[#All],[Customer]],Sheet3!$E$22) -> 2
A32: Marvels Of Europe - Summer 2019 | B32: 46248 | C32: =COUNTIFS(RawData[[#All],[Tour Name]],Sheet3!$A32,RawData[[#All],[Tour Date]],Sheet3!$B32,RawData[[#All],[Customer]],Sheet3!$C$22) -> 1 | D32: =COUNTIFS(RawData[[#All],[Tour Name]],Sheet3!$A32,RawData[[#All],[Tour Date]],Sheet3!$B32,RawData[[#All],[Customer]],Sheet3!$D$22) -> 1 | E32: =COUNTIFS(RawData[[#All],[Tour Name]],Sheet3!$A32,RawData[[#All],[Tour Date]],Sheet3!$B32,RawData[[#All],[Customer]],Sheet3!$E$22) -> 1
A33: Swiss Glory - Summer 2019 - NRI ROW | B33: 46237 | C33: =COUNTIFS(RawData[[#All],[Tour Name]],Sheet3!$A33,RawData[[#All],[Tour Date]],Sheet3!$B33,RawData[[#All],[Customer]],Sheet3!$C$22) -> 2 | D33: =COUNTIFS(RawData[[#All],[Tour Name]],Sheet3!$A33,RawData[[#All],[Tour Date]],Sheet3!$B33,RawData[[#All],[Customer]],Sheet3!$D$22) -> 1 | E33: =COUNTIFS(RawData[[#All],[Tour Name]],Sheet3!$A33,RawData[[#All],[Tour Date]],Sheet3!$B33,RawData[[#All],[Customer]],Sheet3!$E$22) -> 1
A34: Swiss Glory - Summer 2019 - NRI ROW | B34: 46243 | C34: =COUNTIFS(RawData[[#All],[Tour Name]],Sheet3!$A34,RawData[[#All],[Tour Date]],Sheet3!$B34,RawData[[#All],[Customer]],Sheet3!$C$22) -> 1 | D34: =COUNTIFS(RawData[[#All],[Tour Name]],Sheet3!$A34,RawData[[#All],[Tour Date]],Sheet3!$B34,RawData[[#All],[Customer]],Sheet3!$D$22) -> 1 | E34: =COUNTIFS(RawData[[#All],[Tour Name]],Sheet3!$A34,RawData[[#All],[Tour Date]],Sheet3!$B34,RawData[[#All],[Customer]],Sheet3!$E$22) -> 1
A35: Taste of Europe - Summer 2019 | B35: 46242 | C35: =COUNTIFS(RawData[[#All],[Tour Name]],Sheet3!$A35,RawData[[#All],[Tour Date]],Sheet3!$B35,RawData[[#All],[Customer]],Sheet3!$C$22) -> 1 | D35: =COUNTIFS(RawData[[#All],[Tour Name]],Sheet3!$A35,RawData[[#All],[Tour Date]],Sheet3!$B35,RawData[[#All],[Customer]],Sheet3!$D$22) -> 1 | E35: =COUNTIFS(RawData[[#All],[Tour Name]],Sheet3!$A35,RawData[[#All],[Tour Date]],Sheet3!$B35,RawData[[#All],[Customer]],Sheet3!$E$22) -> 1

Sheet Sheet1
A1: Tour Date | B1: Tour Name | C1: Customer | D1: Sale
A2: 46236 | B2: Gaurav Yatra - Mini Europe - Summer 2019 | C2: Adult | D2: 293
A3: 46237 | B3: Swiss Glory - Summer 2019 - NRI ROW | C3: Adult | D3: 303
A4: 46238 | B4: European Charm - Summer 2019 | C4: Adult | D4: 310
A5: 46239 | B5: Gaurav Yatra - Mini Europe - Summer 2019 | C5: Adult | D5: 275
A6: 46240 | B6: European Charm - Summer 2019 | C6: Adult | D6: 256
A7: 46241 | B7: Gaurav Yatra - Magical Europe - Summer 2019 | C7: Adult | D7: 317
A8: 46242 | B8: Taste of Europe - Summer 2019 | C8: Adult | D8: 308
A9: 46243 | B9: Swiss Glory - Summer 2019 - NRI ROW | C9: Adult | D9: 315
A10: 46244 | B10: European Whirl - Summer 2019 | C10: Adult | D10: 282
A11: 46245 | B11: Gaurav Yatra - Mini Europe - Summer 2019 | C11: Adult | D11: 300
A12: 46246 | B12: European Charm - Summer 2019 | C12: Adult | D12: 262
A13: 46247 | B13: French Swiss Medley - Summer 2019 | C13: Adult | D13: 321
... A47: 46246 | B47: European Charm - Summer 2019 | C47: Infant | D47: 64
