Workbook

Sheet VloochpSameSheet
A1: Table_01 | J1: Table_02
A2: EmpID | B2: Name | C2: Gender | D2: Department | F2: EmpID | G2: Salary | H2: Rating | J2: EmpID | K2: Region | L2: Name | M2: Dept | N2: Salary | O2: Bonus | P2: Rating | Q2: JoinDate | R2: Email | U2: =VLOOKUP (loock_value,Table_Array,indexNumber,[True,False])
A3: E001 | B3: John Smith | C3: Male | D3: Sales | F3: =VLOOKUP($A3,$J$2:$R$22,1,FALSE) -> E001 | G3: =VLOOKUP($A3,$J$2:$R$22,5,FALSE) -> 52000 | H3: =VLOOKUP($A3,$J$2:$R$22,7,FALSE) -> 4 | J3: E009 | K3: East | L3: Lisa Taylor | M3: HR | N3: 46000 | O3: 2000 | P3: 2 | Q3: 44668 | R3: lisa.t@email.com
A4: E002 | B4: Sara Khan | C4: Female | D4: HR | F4: =VLOOKUP(A4,$J$2:$R$22,1,FALSE) -> E002 | G4: =VLOOKUP($A4,$J$2:$R$22,5,FALSE) -> 48000 | H4: =VLOOKUP($A4,$J$2:$R$22,7,FALSE) -> 3 | J4: E015 | K4: West | L4: Daniel Clark | M4: HR | N4: 45000 | O4: 2200 | P4: 2 | Q4: 44448 | R4: daniel.c@email.com
A5: E003 | B5: Mike Johnson | C5: Male | D5: IT | F5: =VLOOKUP(A5,$J$2:$R$22,1,FALSE) -> E003 | G5: =VLOOKUP($A5,$J$2:$R$22,5,FALSE) -> 65000 | H5: =VLOOKUP($A5,$J$2:$R$22,7,FALSE) -> 5 | J5: E006 | K5: North | L5: Anna Lee | M5: HR | N5: 47000 | O5: 2500 | P5: 3 | Q5: 44359 | R5: anna.lee@email.com
A6: E004 | B6: Emily Davis | C6: Female | D6: Sales | F6: =VLOOKUP(A6,$J$2:$R$22,1,FALSE) -> E004 | G6: =VLOOKUP($A6,$J$2:$R$22,5,FALSE) -> 54000 | H6: =VLOOKUP($A6,$J$2:$R$22,7,FALSE) -> 4 | J6: E018 | K6: North | L6: Olivia Hall | M6: HR | N6: 47000 | O6: 2600 | P6: 3 | Q6: 44620 | R6: olivia.h@email.com
A7: E005 | B7: Raj Patel | C7: Male | D7: IT | F7: =VLOOKUP(A7,$J$2:$R$22,1,FALSE) -> E005 | G7: =VLOOKUP($A7,$J$2:$R$22,5,FALSE) -> 72000 | H7: =VLOOKUP($A7,$J$2:$R$22,7,FALSE) -> 5 | J7: E012 | K7: South | L7: Alex Martinez | M7: HR | N7: 49000 | O7: 2800 | P7: 3 | Q7: 44115 | R7: alex.m@email.com
A8: E006 | B8: Anna Lee | C8: Female | D8: HR | F8: =VLOOKUP(A8,$J$2:$R$22,1,FALSE) -> E006 | G8: =VLOOKUP($A8,$J$2:$R$22,5,FALSE) -> 47000 | H8: =VLOOKUP($A8,$J$2:$R$22,7,FALSE) -> 3 | J8: E002 | K8: West | L8: Sara Khan | M8: HR | N8: 48000 | O8: 3000 | P8: 3 | Q8: 44022 | R8: sara.khan@email.com
A9: E007 | B9: Chris Brown | C9: Male | D9: Sales | F9: =VLOOKUP(A9,$J$2:$R$22,1,FALSE) -> E007 | G9: =VLOOKUP($A9,$J$2:$R$22,5,FALSE) -> 51000 | H9: =VLOOKUP($A9,$J$2:$R$22,7,FALSE) -> 4 | J9: E019 | K9: West | L9: Ethan Allen | M9: Sales | N9: 52000 | O9: 3900 | P9: 4 | Q9: 44329 | R9: ethan.a@email.com
A10: E008 | B10: David Wilson | C10: Male | D10: IT | F10: =VLOOKUP(A10,$J$2:$R$22,1,FALSE) -> E008 | G10: =VLOOKUP($A10,$J$2:$R$22,5,FALSE) -> 68000 | H10: =VLOOKUP($A10,$J$2:$R$22,7,FALSE) -> 5 | J10: E007 | K10: West | L10: Chris Brown | M10: Sales | N10: 51000 | O10: 4000 | P10: 4 | Q10: 43886 | R10: chris.b@email.com
A11: E009 | B11: Lisa Taylor | C11: Female | D11: HR | F11: =VLOOKUP(A11,$J$2:$R$22,1,FALSE) -> E009 | G11: =VLOOKUP($A11,$J$2:$R$22,5,FALSE) -> 46000 | H11: =VLOOKUP($A11,$J$2:$R$22,7,FALSE) -> 2 | J11: E010 | K11: North | L11: Tom Anderson | M11: Sales | N11: 53000 | O11: 4200 | P11: 4 | Q11: 44531 | R11: tom.a@email.com
A12: E010 | B12: Tom Anderson | C12: Male | D12: Sales | F12: =VLOOKUP(A12,$J$2:$R$22,1,FALSE) -> E010 | G12: =VLOOKUP($A12,$J$2:$R$22,5,FALSE) -> 53000 | H12: =VLOOKUP($A12,$J$2:$R$22,7,FALSE) -> 4 | J12: E004 | K12: South | L12: Emily Davis | M12: Sales | N12: 54000 | O12: 4500 | P12: 4 | Q12: 44566 | R12: emily.d@email.com
A13: E011 | B13: Nina Gupta | C13: Female | D13: IT | F13: =VLOOKUP(A13,$J$2:$R$22,1,FALSE) -> E011 | G13: =VLOOKUP($A13,$J$2:$R$22,5,FALSE) -> 70000 | H13: =VLOOKUP($A13,$J$2:$R$22,7,FALSE) -> 5 | J13: E013 | K13: East | L13: Kevin White | M13: Sales | N13: 55000 | O13: 4700 | P13: 4 | Q13: 43527 | R13: kevin.w@email.com
A14: E012 | B14: Alex Martinez | C14: Male | D14: HR | F14: =VLOOKUP(A14,$J$2:$R$22,1,FALSE) -> E012 | G14: =VLOOKUP($A14,$J$2:$R$22,5,FALSE) -> 49000 | H14: =VLOOKUP($A14,$J$2:$R$22,7,FALSE) -> 3 | J14: E016 | K14: South | L14: Sophia Lewis | M14: Sales | N14: 56000 | O14: 4800 | P14: 4 | Q14: 43849 | R14: sophia.l@email.com
A15: E013 | B15: Kevin White | C15: Male | D15: Sales | F15: =VLOOKUP(A15,$J$2:$R$22,1,FALSE) -> E013 | G15: =VLOOKUP($A15,$J$2:$R$22,5,FALSE) -> 55000 | H15: =VLOOKUP($A15,$J$2:$R$22,7,FALSE) -> 4 | J15: E001 | K15: East | L15: John Smith | M15: Sales | N15: 52000 | O15: 5000 | P15: 4 | Q15: 44270 | R15: john.smith@email.com
... A22: E020 | B22: Chloe Young | C22: Female | D22: IT | F22: =VLOOKUP(A22,$J$2:$R$22,1,FALSE) -> E020 | G22: =VLOOKUP($A22,$J$2:$R$22,5,FALSE) -> 71000 | H22: =VLOOKUP($A22,$J$2:$R$22,7,FALSE) -> 5 | J22: E014 | K22: North | L22: Priya Sharma | M22: IT | N22: 73000 | O22: 8200 | P22: 5 | Q22: 42930 | R22: priya.s@email.com
A23: E021 | B23: Omkar Bhat | C23: Male | D23: IT | F23: =VLOOKUP(A23,$J$2:$R$22,1,FALSE) -> #N/A | G23: =VLOOKUP($A23,$J$2:$R$22,5,FALSE) -> #N/A | H23: =VLOOKUP($A23,$J$2:$R$22,7,FALSE) -> #N/A

Sheet VloochpDifferetSheet
A1: Table_01
A2: EmpID | B2: Name | C2: Gender | D2: Department | F2: EmpID | G2: Salary | H2: Rating | I2: Email Id
A3: E001 | B3: John Smith | C3: Male | D3: Sales | F3: =VLOOKUP($A3,Table_02!$A$2:$I$22,1,FALSE) -> E001 | G3: =VLOOKUP($A3,Table_02!$A$2:$I$22,5,FALSE) -> 52000 | H3: =VLOOKUP($A3,Table_02!$A$2:$I$22,7,FALSE) -> 10 | I3: =VLOOKUP($A3,Table_02!$A$2:$I$22,9,FALSE) -> john.smith@email.com
A4: E002 | B4: Sara Khan | C4: Female | D4: HR | F4: =VLOOKUP($A4,Table_02!$A$2:$I$22,1,FALSE) -> E002 | G4: =VLOOKUP($A4,Table_02!$A$2:$I$22,5,FALSE) -> 48000 | H4: =VLOOKUP($A4,Table_02!$A$2:$I$22,7,FALSE) -> 3 | I4: =VLOOKUP($A4,Table_02!$A$2:$I$22,9,FALSE) -> sara.khan@email.com
A5: E003 | B5: Mike Johnson | C5: Male | D5: IT | F5: =VLOOKUP($A5,Table_02!$A$2:$I$22,1,FALSE) -> E003 | G5: =VLOOKUP($A5,Table_02!$A$2:$I$22,5,FALSE) -> 65000 | H5: =VLOOKUP($A5,Table_02!$A$2:$I$22,7,FALSE) -> 5 | I5: =VLOOKUP($A5,Table_02!$A$2:$I$22,9,FALSE) -> mike.j@email.com
A6: E004 | B6: Emily Davis | C6: Female | D6: Sales | F6: =VLOOKUP($A6,Table_02!$A$2:$I$22,1,FALSE) -> E004 | G6: =VLOOKUP($A6,Table_02!$A$2:$I$22,5,FALSE) -> 54000 | H6: =VLOOKUP($A6,Table_02!$A$2:$I$22,7,FALSE) -> 4 | I6: =VLOOKUP($A6,Table_02!$A$2:$I$22,9,FALSE) -> emily.d@email.com
A7: E005 | B7: Raj Patel | C7: Male | D7: IT | F7: =VLOOKUP($A7,Table_02!$A$2:$I$22,1,FALSE) -> E005 | G7: =VLOOKUP($A7,Table_02!$A$2:$I$22,5,FALSE) -> 72000 | H7: =VLOOKUP($A7,Table_02!$A$2:$I$22,7,FALSE) -> 5 | I7: =VLOOKUP($A7,Table_02!$A$2:$I$22,9,FALSE) -> raj.patel@email.com
A8: E006 | B8: Anna Lee | C8: Female | D8: HR | F8: =VLOOKUP($A8,Table_02!$A$2:$I$22,1,FALSE) -> E006 | G8: =VLOOKUP($A8,Table_02!$A$2:$I$22,5,FALSE) -> 47000 | H8: =VLOOKUP($A8,Table_02!$A$2:$I$22,7,FALSE) -> 3 | I8: =VLOOKUP($A8,Table_02!$A$2:$I$22,9,FALSE) -> anna.lee@email.com
A9: E007 | B9: Chris Brown | C9: Male | D9: Sales | F9: =VLOOKUP($A9,Table_02!$A$2:$I$22,1,FALSE) -> E007 | G9: =VLOOKUP($A9,Table_02!$A$2:$I$22,5,FALSE) -> 51000 | H9: =VLOOKUP($A9,Table_02!$A$2:$I$22,7,FALSE) -> 4 | I9: =VLOOKUP($A9,Table_02!$A$2:$I$22,9,FALSE) -> chris.b@email.com
A10: E008 | B10: David Wilson | C10: Male | D10: IT | F10: =VLOOKUP($A10,Table_02!$A$2:$I$22,1,FALSE) -> E008 | G10: =VLOOKUP($A10,Table_02!$A$2:$I$22,5,FALSE) -> 68000 | H10: =VLOOKUP($A10,Table_02!$A$2:$I$22,7,FALSE) -> 5 | I10: =VLOOKUP($A10,Table_02!$A$2:$I$22,9,FALSE) -> david.w@email.com
A11: E009 | B11: Lisa Taylor | C11: Female | D11: HR | F11: =VLOOKUP($A11,Table_02!$A$2:$I$22,1,FALSE) -> E009 | G11: =VLOOKUP($A11,Table_02!$A$2:$I$22,5,FALSE) -> 46000 | H11: =VLOOKUP($A11,Table_02!$A$2:$I$22,7,FALSE) -> 2 | I11: =VLOOKUP($A11,Table_02!$A$2:$I$22,9,FALSE) -> lisa.t@email.com
A12: E010 | B12: Tom Anderson | C12: Male | D12: Sales | F12: =VLOOKUP($A12,Table_02!$A$2:$I$22,1,FALSE) -> E010 | G12: =VLOOKUP($A12,Table_02!$A$2:$I$22,5,FALSE) -> 53000 | H12: =VLOOKUP($A12,Table_02!$A$2:$I$22,7,FALSE) -> 4 | I12: =VLOOKUP($A12,Table_02!$A$2:$I$22,9,FALSE) -> tom.a@email.com
A13: E011 | B13: Nina Gupta | C13: Female | D13: IT | F13: =VLOOKUP($A13,Table_02!$A$2:$I$22,1,FALSE) -> E011 | G13: =VLOOKUP($A13,Table_02!$A$2:$I$22,5,FALSE) -> 70000 | H13: =VLOOKUP($A13,Table_02!$A$2:$I$22,7,FALSE) -> 5 | I13: =VLOOKUP($A13,Table_02!$A$2:$I$22,9,FALSE) -> nina.g@email.com
A14: E012 | B14: Alex Martinez | C14: Male | D14: HR | F14: =VLOOKUP($A14,Table_02!$A$2:$I$22,1,FALSE) -> E012 | G14: =VLOOKUP($A14,Table_02!$A$2:$I$22,5,FALSE) -> 49000 | H14: =VLOOKUP($A14,Table_02!$A$2:$I$22,7,FALSE) -> 3 | I14: =VLOOKUP($A14,Table_02!$A$2:$I$22,9,FALSE) -> alex.m@email.com
... A23: E021 | B23: Omkar Bhat | C23: Male | D23: IT | F23: =VLOOKUP($A23,Table_02!$A$2:$I$22,1,FALSE) -> #N/A | G23: =VLOOKUP($A23,Table_02!$A$2:$I$22,5,FALSE) -> #N/A | H23: =VLOOKUP($A23,Table_02!$A$2:$I$22,7,FALSE) -> #N/A | I23: =VLOOKUP($A23,Table_02!$A$2:$I$22,9,FALSE) -> #N/A

Sheet VloochpDifferetWorkBook
A1: Table_01
A2: EmpID | B2: Name | C2: Gender | D2: Department | F2: EmpID | G2: Salary | H2: Rating | I2: Email Id
A3: E001 | B3: John Smith | C3: Male | D3: Sales | F3: =VLOOKUP($A3,[1]Sheet1!$A$2:$I$22,1,FALSE) -> E001 | G3: =VLOOKUP($A3,[1]Sheet1!$A$2:$I$22,5,FALSE) -> 52000 | H3: =VLOOKUP($A3,[1]Sheet1!$A$2:$I$22,7,FALSE) -> 10 | I3: =VLOOKUP($A3,[1]Sheet1!$A$2:$I$22,9,FALSE) -> john.smith@email.com
A4: E002 | B4: Sara Khan | C4: Female | D4: HR | F4: =VLOOKUP($A4,[1]Sheet1!$A$2:$I$22,1,FALSE) -> E002 | G4: =VLOOKUP($A4,[1]Sheet1!$A$2:$I$22,5,FALSE) -> 48000 | H4: =VLOOKUP($A4,[1]Sheet1!$A$2:$I$22,7,FALSE) -> 3 | I4: =VLOOKUP($A4,[1]Sheet1!$A$2:$I$22,9,FALSE) -> sara.khan@email.com
A5: E003 | B5: Mike Johnson | C5: Male | D5: IT | F5: =VLOOKUP($A5,[1]Sheet1!$A$2:$I$22,1,FALSE) -> E003 | G5: =VLOOKUP($A5,[1]Sheet1!$A$2:$I$22,5,FALSE) -> 65000 | H5: =VLOOKUP($A5,[1]Sheet1!$A$2:$I$22,7,FALSE) -> 5 | I5: =VLOOKUP($A5,[1]Sheet1!$A$2:$I$22,9,FALSE) -> mike.j@email.com
A6: E004 | B6: Emily Davis | C6: Female | D6: Sales | F6: =VLOOKUP($A6,[1]Sheet1!$A$2:$I$22,1,FALSE) -> E004 | G6: =VLOOKUP($A6,[1]Sheet1!$A$2:$I$22,5,FALSE) -> 54000 | H6: =VLOOKUP($A6,[1]Sheet1!$A$2:$I$22,7,FALSE) -> 4 | I6: =VLOOKUP($A6,[1]Sheet1!$A$2:$I$22,9,FALSE) -> emily.d@email.com
A7: E005 | B7: Raj Patel | C7: Male | D7: IT | F7: =VLOOKUP($A7,[1]Sheet1!$A$2:$I$22,1,FALSE) -> E005 | G7: =VLOOKUP($A7,[1]Sheet1!$A$2:$I$22,5,FALSE) -> 72000 | H7: =VLOOKUP($A7,[1]Sheet1!$A$2:$I$22,7,FALSE) -> 5 | I7: =VLOOKUP($A7,[1]Sheet1!$A$2:$I$22,9,FALSE) -> raj.patel@email.com
A8: E006 | B8: Anna Lee | C8: Female | F8: =VLOOKUP($A8,[1]Sheet1!$A$2:$I$22,1,FALSE) -> E006 | G8: =VLOOKUP($A8,[1]Sheet1!$A$2:$I$22,5,FALSE) -> 47000 | H8: =VLOOKUP($A8,[1]Sheet1!$A$2:$I$22,7,FALSE) -> 3 | I8: =VLOOKUP($A8,[1]Sheet1!$A$2:$I$22,9,FALSE) -> anna.lee@email.com
A9: E007 | B9: Chris Brown | C9: Male | D9: Sales | F9: =VLOOKUP($A9,[1]Sheet1!$A$2:$I$22,1,FALSE) -> E007 | G9: =VLOOKUP($A9,[1]Sheet1!$A$2:$I$22,5,FALSE) -> 51000 | H9: =VLOOKUP($A9,[1]Sheet1!$A$2:$I$22,7,FALSE) -> 4 | I9: =VLOOKUP($A9,[1]Sheet1!$A$2:$I$22,9,FALSE) -> chris.b@email.com
A10: E008 | B10: David Wilson | C10: Male | D10: IT | F10: =VLOOKUP($A10,[1]Sheet1!$A$2:$I$22,1,FALSE) -> E008 | G10: =VLOOKUP($A10,[1]Sheet1!$A$2:$I$22,5,FALSE) -> 68000 | H10: =VLOOKUP($A10,[1]Sheet1!$A$2:$I$22,7,FALSE) -> 5 | I10: =VLOOKUP($A10,[1]Sheet1!$A$2:$I$22,9,FALSE) -> david.w@email.com
A11: E009 | B11: Lisa Taylor | C11: Female | D11: HR | F11: =VLOOKUP($A11,[1]Sheet1!$A$2:$I$22,1,FALSE) -> E009 | G11: =VLOOKUP($A11,[1]Sheet1!$A$2:$I$22,5,FALSE) -> 46000 | H11: =VLOOKUP($A11,[1]Sheet1!$A$2:$I$22,7,FALSE) -> 2 | I11: =VLOOKUP($A11,[1]Sheet1!$A$2:$I$22,9,FALSE) -> lisa.t@email.com
A12: E010 | B12: Tom Anderson | C12: Male | D12: Sales | F12: =VLOOKUP($A12,[1]Sheet1!$A$2:$I$22,1,FALSE) -> E010 | G12: =VLOOKUP($A12,[1]Sheet1!$A$2:$I$22,5,FALSE) -> 53000 | H12: =VLOOKUP($A12,[1]Sheet1!$A$2:$I$22,7,FALSE) -> 4 | I12: =VLOOKUP($A12,[1]Sheet1!$A$2:$I$22,9,FALSE) -> tom.a@email.com
A13: E011 | B13: Nina Gupta | C13: Female | D13: IT | F13: =VLOOKUP($A13,[1]Sheet1!$A$2:$I$22,1,FALSE) -> E011 | G13: =VLOOKUP($A13,[1]Sheet1!$A$2:$I$22,5,FALSE) -> 70000 | H13: =VLOOKUP($A13,[1]Sheet1!$A$2:$I$22,7,FALSE) -> 5 | I13: =VLOOKUP($A13,[1]Sheet1!$A$2:$I$22,9,FALSE) -> nina.g@email.com
A14: E012 | B14: Alex Martinez | C14: Male | D14: HR | F14: =VLOOKUP($A14,[1]Sheet1!$A$2:$I$22,1,FALSE) -> E012 | G14: =VLOOKUP($A14,[1]Sheet1!$A$2:$I$22,5,FALSE) -> 49000 | H14: =VLOOKUP($A14,[1]Sheet1!$A$2:$I$22,7,FALSE) -> 3 | I14: =VLOOKUP($A14,[1]Sheet1!$A$2:$I$22,9,FALSE) -> alex.m@email.com
A15: E013 | B15: Kevin White | C15: Male | D15: Sales | F15: =VLOOKUP($A15,[1]Sheet1!$A$2:$I$22,1,FALSE) -> E013 | G15: =VLOOKUP($A15,[1]Sheet1!$A$2:$I$22,5,FALSE) -> 55000 | H15: =VLOOKUP($A15,[1]Sheet1!$A$2:$I$22,7,FALSE) -> 4 | I15: =VLOOKUP($A15,[1]Sheet1!$A$2:$I$22,9,FALSE) -> kevin.w@email.com
A16: E014 | B16: Priya Sharma | C16: Female | D16: IT | F16: =VLOOKUP($A16,[1]Sheet1!$A$2:$I$22,1,FALSE) -> E014 | G16: =VLOOKUP($A16,[1]Sheet1!$A$2:$I$22,5,FALSE) -> 73000 | H16: =VLOOKUP($A16,[1]Sheet1!$A$2:$I$22,7,FALSE) -> 5 | I16: =VLOOKUP($A16,[1]Sheet1!$A$2:$I$22,9,FALSE) -> priya.s@email.com
A17: E015 | B17: Daniel Clark | C17: Male | D17: HR | F17: =VLOOKUP($A17,[1]Sheet1!$A$2:$I$22,1,FALSE) -> E015 | G17: =VLOOKUP($A17,[1]Sheet1!$A$2:$I$22,5,FALSE) -> 45000 | H17: =VLOOKUP($A17,[1]Sheet1!$A$2:$I$22,7,FALSE) -> 2 | I17: =VLOOKUP($A17,[1]Sheet1!$A$2:$I$22,9,FALSE) -> daniel.c@email.com
A18: E016 | B18: Sophia Lewis | C18: Female | D18: Sales | F18: =VLOOKUP($A18,[1]Sheet1!$A$2:$I$22,1,FALSE) -> E016 | G18: =VLOOKUP($A18,[1]Sheet1!$A$2:$I$22,5,FALSE) -> 56000 | H18: =VLOOKUP($A18,[1]Sheet1!$A$2:$I$22,7,FALSE) -> 4 | I18: =VLOOKUP($A18,[1]Sheet1!$A$2:$I$22,9,FALSE) -> sophia.l@email.com
A19: E017 | B19: James Walker | C19: Male | D19: IT | F19: =VLOOKUP($A19,[1]Sheet1!$A$2:$I$22,1,FALSE) -> E017 | G19: =VLOOKUP($A19,[1]Sheet1!$A$2:$I$22,5,FALSE) -> 69000 | H19: =VLOOKUP($A19,[1]Sheet1!$A$2:$I$22,7,FALSE) -> 5 | I19: =VLOOKUP($A19,[1]Sheet1!$A$2:$I$22,9,FALSE) -> james.w@email.com
A20: E018 | B20: Olivia Hall | C20: Female | D20: HR | F20: =VLOOKUP($A20,[1]Sheet1!$A$2:$I$22,1,FALSE) -> E018 | G20: =VLOOKUP($A20,[1]Sheet1!$A$2:$I$22,5,FALSE) -> 47000 | H20: =VLOOKUP($A20,[1]Sheet1!$A$2:$I$22,7,FALSE) -> 3 | I20: =VLOOKUP($A20,[1]Sheet1!$A$2:$I$22,9,FALSE) -> olivia.h@email.com
... A23: E021 | B23: Omkar Bhat | C23: Male | D23: IT | F23: =VLOOKUP($A23,[1]Sheet1!$A$2:$I$22,1,FALSE) -> #N/A | G23: =VLOOKUP($A23,[1]Sheet1!$A$2:$I$22,5,FALSE) -> #N/A | H23: =VLOOKUP($A23,[1]Sheet1!$A$2:$I$22,7,FALSE) -> #N/A | I23: =VLOOKUP($A23,[1]Sheet1!$A$2:$I$22,9,FALSE) -> #N/A

Sheet Table_02
A1: Table_02
A2: EmpID | B2: Name | C2: Dept | D2: Region | E2: Salary | F2: Bonus | G2: Rating | H2: JoinDate | I2: Email | K2: IF Basic | L2: IF | M2: Nested IF | N2: AND | O2: OR | P2: NOT | R2: LEFT | S2: RIGHT
A3: E001 | B3: John Smith | C3: Sales | D3: East | E3: 52000 | F3: 5000 | G3: 10 | H3: 44270 | I3: john.smith@email.com | K3: =G3>2 -> TRUE | L3: =IF(F3<4000,"Low","Good") -> Good | M3: =IF(F3<4000,"Low",IF(F3<6000,"Avg","Good")) -> Avg | N3: =IF(AND(C3="HR",D3="West"),"Yes","No") -> No | O3: =IF(OR(C3="IT",D3="South"),"Yes","No") -> No | P3: =NOT(F3<5000) -> TRUE
A4: E002 | B4: Sara Khan | C4: HR | D4: West | E4: 48000 | F4: 3000 | G4: 3 | H4: 44022 | I4: sara.khan@email.com | K4: =G4>2 -> TRUE | L4: =IF(F4<4000,"Low","Good") -> Low | M4: =IF(F4<4000,"Low",IF(F4<6000,"Avg","Good")) -> Low | N4: =IF(AND(C4="HR",D4="West"),"Yes","No") -> Yes | O4: =IF(OR(C4="IT",D4="South"),"Yes","No") -> No | P4: =NOT(F4<5000) -> FALSE
A5: E003 | B5: Mike Johnson | C5: IT | D5: North | E5: 65000 | F5: 7000 | G5: 5 | H5: 43791 | I5: mike.j@email.com | K5: =G5>2 -> TRUE | L5: =IF(F5<4000,"Low","Good") -> Good | M5: =IF(F5<4000,"Low",IF(F5<6000,"Avg","Good")) -> Good | N5: =IF(AND(C5="HR",D5="West"),"Yes","No") -> No | O5: =IF(OR(C5="IT",D5="South"),"Yes","No") -> Yes | P5: =NOT(F5<5000) -> TRUE
A6: E004 | B6: Emily Davis | C6: Sales | D6: South | E6: 54000 | F6: 4500 | G6: 4 | H6: 44566 | I6: emily.d@email.com | K6: =G6>2 -> TRUE | L6: =IF(F6<4000,"Low","Good") -> Good | M6: =IF(F6<4000,"Low",IF(F6<6000,"Avg","Good")) -> Avg | N6: =IF(AND(C6="HR",D6="West"),"Yes","No") -> No | O6: =IF(OR(C6="IT",D6="South"),"Yes","No") -> Yes | P6: =NOT(F6<5000) -> FALSE
A7: E005 | B7: Raj Patel | C7: IT | D7: East | E7: 72000 | F7: 8000 | G7: 5 | H7: 43361 | I7: raj.patel@email.com | K7: =G7>2 -> TRUE | L7: =IF(F7<4000,"Low","Good") -> Good | M7: =IF(F7<4000,"Low",IF(F7<6000,"Avg","Good")) -> Good | N7: =IF(AND(C7="HR",D7="West"),"Yes","No") -> No | O7: =IF(OR(C7="IT",D7="South"),"Yes","No") -> Yes | P7: =NOT(F7<5000) -> TRUE
A8: E006 | B8: Anna Lee | C8: HR | D8: North | E8: 47000 | F8: 2500 | G8: 3 | H8: 44359 | I8: anna.lee@email.com | K8: =G8>2 -> TRUE | L8: =IF(F8<4000,"Low","Good") -> Low | M8: =IF(F8<4000,"Low",IF(F8<6000,"Avg","Good")) -> Low | N8: =IF(AND(C8="HR",D8="West"),"Yes","No") -> No | O8: =IF(OR(C8="IT",D8="South"),"Yes","No") -> No | P8: =NOT(F8<5000) -> FALSE
A9: E007 | B9: Chris Brown | C9: Sales | D9: West | E9: 51000 | F9: 4000 | G9: 4 | H9: 43886 | I9: chris.b@email.com | K9: =G9>2 -> TRUE | L9: =IF(F9<4000,"Low","Good") -> Good | M9: =IF(F9<4000,"Low",IF(F9<6000,"Avg","Good")) -> Avg | N9: =IF(AND(C9="HR",D9="West"),"Yes","No") -> No | O9: =IF(OR(C9="IT",D9="South"),"Yes","No") -> No | P9: =NOT(F9<5000) -> FALSE
A10: E008 | B10: David Wilson | C10: IT | D10: South | E10: 68000 | F10: 6000 | G10: 5 | H10: 43707 | I10: david.w@email.com | K10: =G10>2 -> TRUE | L10: =IF(F10<4000,"Low","Good") -> Good | M10: =IF(F10<4000,"Low",IF(F10<6000,"Avg","Good")) -> Good | N10: =IF(AND(C10="HR",D10="West"),"Yes","No") -> No | O10: =IF(OR(C10="IT",D10="South"),"Yes","No") -> Yes | P10: =NOT(F10<5000) -> TRUE
A11: E009 | B11: Lisa Taylor | C11: HR | D11: East | E11: 46000 | F11: 2000 | G11: 2 | H11: 44668 | I11: lisa.t@email.com | K11: =G11>2 -> FALSE | L11: =IF(F11<4000,"Low","Good") -> Low | M11: =IF(F11<4000,"Low",IF(F11<6000,"Avg","Good")) -> Low | N11: =IF(AND(C11="HR",D11="West"),"Yes","No") -> No | O11: =IF(OR(C11="IT",D11="South"),"Yes","No") -> No | P11: =NOT(F11<5000) -> FALSE
A12: E010 | B12: Tom Anderson | C12: Sales | D12: North | E12: 53000 | F12: 4200 | G12: 4 | H12: 44531 | I12: tom.a@email.com | K12: =G12>2 -> TRUE | L12: =IF(F12<4000,"Low","Good") -> Good | M12: =IF(F12<4000,"Low",IF(F12<6000,"Avg","Good")) -> Avg | N12: =IF(AND(C12="HR",D12="West"),"Yes","No") -> No | O12: =IF(OR(C12="IT",D12="South"),"Yes","No") -> No | P12: =NOT(F12<5000) -> FALSE
A13: E011 | B13: Nina Gupta | C13: IT | D13: West | E13: 70000 | F13: 7500 | G13: 5 | H13: 43241 | I13: nina.g@email.com | K13: =G13>2 -> TRUE | L13: =IF(F13<4000,"Low","Good") -> Good | M13: =IF(F13<4000,"Low",IF(F13<6000,"Avg","Good")) -> Good | N13: =IF(AND(C13="HR",D13="West"),"Yes","No") -> No | O13: =IF(OR(C13="IT",D13="South"),"Yes","No") -> Yes | P13: =NOT(F13<5000) -> TRUE
A14: E012 | B14: Alex Martinez | C14: HR | D14: South | E14: 49000 | F14: 2800 | G14: 3 | H14: 44115 | I14: alex.m@email.com | K14: =G14>2 -> TRUE | L14: =IF(F14<4000,"Low","Good") -> Low | M14: =IF(F14<4000,"Low",IF(F14<6000,"Avg","Good")) -> Low | N14: =IF(AND(C14="HR",D14="West"),"Yes","No") -> No | O14: =IF(OR(C14="IT",D14="South"),"Yes","No") -> Yes | P14: =NOT(F14<5000) -> FALSE
... A22: E020 | B22: Chloe Young | C22: IT | D22: South | E22: 71000 | F22: 7800 | G22: 5 | H22: 43458 | I22: chloe.y@email.com | K22: =G22>2 -> TRUE | L22: =IF(F22<4000,"Low","Good") -> Good | M22: =IF(F22<4000,"Low",IF(F22<6000,"Avg","Good")) -> Good | N22: =IF(AND(C22="HR",D22="West"),"Yes","No") -> No | O22: =IF(OR(C22="IT",D22="South"),"Yes","No") -> Yes | P22: =NOT(F22<5000) -> TRUE
E23: =SUM(E3:E22) -> 1143000 | F23: =SUM(F3:F22) -> 97800

Sheet HloockUp
A1: Table_1 | B1: EmpID | C1: E001 | D1: E002 | E1: E003 | F1: E004 | G1: E005 | H1: E006 | I1: E007 | J1: E008 | K1: E021
B2: Name | C2: John Smith | D2: Sara Khan | E2: Mike Johnson | F2: Emily Davis | G2: Raj Patel | H2: Anna Lee | I2: Chris Brown | J2: David Wilson | K2: Omkar Bhat
B3: Gender | C3: Male | D3: Female | E3: Male | F3: Female | G3: Male | H3: Female | I3: Male | J3: Male | K3: Male
B4: Department | C4: Sales | D4: HR | E4: IT | F4: Sales | G4: IT | H4: HR | I4: Sales | J4: IT | K4: IT
B5: emailid
B7: EmpID | C7: =HLOOKUP(C$1,$B$12:$J$20,1,FALSE) -> #N/A | D7: =HLOOKUP(D$1,$B$12:$J$20,1,FALSE) -> E002 | E7: =HLOOKUP(E$1,$B$12:$J$20,1,FALSE) -> #N/A | F7: =HLOOKUP(F$1,$B$12:$J$20,1,FALSE) -> #N/A | G7: =HLOOKUP(G$1,$B$12:$J$20,1,FALSE) -> #N/A | H7: =HLOOKUP(H$1,$B$12:$J$20,1,FALSE) -> E006 | I7: =HLOOKUP(I$1,$B$12:$J$20,1,FALSE) -> E007 | J7: =HLOOKUP(J$1,$B$12:$J$20,1,FALSE) -> #N/A | K7: =HLOOKUP(K$1,$B$12:$J$20,1,FALSE) -> #N/A
B8: emailid | C8: =HLOOKUP(C$1,$B$12:$J$20,9,FALSE) -> #N/A | D8: =HLOOKUP(D$1,$B$12:$J$20,9,FALSE) -> sara.khan@email.com | E8: =HLOOKUP(E$1,$B$12:$J$20,9,FALSE) -> #N/A | F8: =HLOOKUP(F$1,$B$12:$J$20,9,FALSE) -> #N/A | G8: =HLOOKUP(G$1,$B$12:$J$20,9,FALSE) -> #N/A | H8: =HLOOKUP(H$1,$B$12:$J$20,9,FALSE) -> anna.lee@email.com | I8: =HLOOKUP(I$1,$B$12:$J$20,9,FALSE) -> chris.b@email.com | J8: =HLOOKUP(J$1,$B$12:$J$20,9,FALSE) -> #N/A | K8: =HLOOKUP(K$1,$B$12:$J$20,9,FALSE) -> #N/A
A12: Table_2 | B12: EmpID | C12: E009 | D12: E015 | E12: E006 | F12: E018 | G12: E012 | H12: E002 | I12: E019 | J12: E007
B13: Name | C13: Lisa Taylor | D13: Daniel Clark | E13: Anna Lee | F13: Olivia Hall | G13: Alex Martinez | H13: Sara Khan | I13: Ethan Allen | J13: Chris Brown
B14: Dept | C14: HR | D14: HR | E14: HR | F14: HR | G14: HR | H14: HR | I14: Sales | J14: Sales
B15: Salary | C15: 46000 | D15: 45000 | E15: 47000 | F15: 47000 | G15: 49000 | H15: 48000 | I15: 52000 | J15: 51000
B16: Bonus | C16: 2000 | D16: 2200 | E16: 2500 | F16: 2600 | G16: 2800 | H16: 3000 | I16: 3900 | J16: 4000
B17: Rating | C17: 2 | D17: 2 | E17: 3 | F17: 3 | G17: 3 | H17: 3 | I17: 4 | J17: 4
B18: JoinDate | C18: 44668 | D18: 44448 | E18: 44359 | F18: 44620 | G18: 44115 | H18: 44022 | I18: 44329 | J18: 43886
B19: Region | C19: East | D19: West | E19: North | F19: North | G19: South | H19: West | I19: West | J19: West
B20: Email | C20: lisa.t@email.com | D20: daniel.c@email.com | E20: anna.lee@email.com | F20: olivia.h@email.com | G20: alex.m@email.com | H20: sara.khan@email.com | I20: ethan.a@email.com | J20: chris.b@email.com
